delivery_status,review_score
Late,2.271138845553822
On Time,4.289842021590012
